<?xml version="1.0" encoding="UTF-8"?>
<beans xmlns="http://www.springframework.org/schema/beans"
	xmlns:xsi="http://www.w3.org/2001/XMLSchema-instance" xmlns:context="http://www.springframework.org/schema/context"
	xmlns:mvc="http://www.springframework.org/schema/mvc"
	xsi:schemaLocation="http://www.springframework.org/schema/beans
         http://www.springframework.org/schema/beans/spring-beans-3.0.xsd
         http://www.springframework.org/schema/context
         http://www.springframework.org/schema/context/spring-context-3.0.xsd
         http://www.springframework.org/schema/mvc
         http://www.springframework.org/schema/mvc/spring-mvc-3.0.xsd">

    <bean id="dbService" abstract="true">
        <property name="dbServiceImpl" ref="databaseServiceImpl" />
    </bean>
    
	<bean id="usersDaoImpl" parent="dbService" class="com.nciae.community.dao.impl.UsersDaoImpl" /> 
	<bean id="cityDaoImpl" parent="dbService" class="com.nciae.community.dao.impl.CityDaoImpl" />
	<bean id="communityDaoImpl" parent="dbService" class="com.nciae.community.dao.impl.CommunityDaoImpl" /> 
	<bean id="memberDaoImpl" parent="dbService" class="com.nciae.community.dao.impl.MemberDaoImpl" /> 
	<bean id="propertyDaoImpl" parent="dbService" class="com.nciae.community.dao.impl.PropertyDaoImpl" /> 
	<bean id="replyDaoImpl" parent="dbService" class="com.nciae.community.dao.impl.ReplyDaoImpl" /> 
	<bean id="dailyAbcDaoImpl" parent="dbService" class="com.nciae.community.dao.impl.DailyAbcDaoImpl" /> 
	<bean id="advertisementDaoImpl" parent="dbService" class="com.nciae.community.dao.impl.AdvertisementDaoImpl" />
	<bean id="happyMomentDaoImpl" parent="dbService" class="com.nciae.community.dao.impl.HappyMomentDaoImpl" />  
	
</beans>         