<?xml version="1.0" encoding="UTF-8"?>
<beans xmlns="http://www.springframework.org/schema/beans"
	xmlns:xsi="http://www.w3.org/2001/XMLSchema-instance" xmlns:context="http://www.springframework.org/schema/context"
	xmlns:mvc="http://www.springframework.org/schema/mvc"
	xsi:schemaLocation="http://www.springframework.org/schema/beans
         http://www.springframework.org/schema/beans/spring-beans-3.0.xsd
         http://www.springframework.org/schema/context
         http://www.springframework.org/schema/context/spring-context-3.0.xsd
         http://www.springframework.org/schema/mvc
         http://www.springframework.org/schema/mvc/spring-mvc-3.0.xsd">

	<context:component-scan base-package="com.nciae.community.controller"></context:component-scan>
	
	<bean class="org.springframework.web.servlet.view.InternalResourceViewResolver">
		<property name="prefix" value="/WEB-INF/jsp/" />
		<property name="suffix" value=".jsp" />
	</bean>
	
	<!-- 上传拦截，如最大上传值及最小上传值 -->  
 	<bean id="multipartResolver"
       class="org.springframework.web.multipart.commons.CommonsMultipartResolver">
        <!-- set the max upload size800000B-780kb     150kb -->
    <property name="maxUploadSize">
        <value>153600</value>
    </property>
    <property name="maxInMemorySize">
        <value>4096</value>
    </property>
   </bean>

</beans>         